email,fullname,RegistrationDate
Burdette86@hotmail.com,Marshall Stanton,2025-09-01
Lempi96@hotmail.com,Sheila Legros,2026-05-07
Skyla_Kunde@yahoo.com,Molly Thompson,2025-06-28
Boyd.Lehner68@yahoo.com,Kyle Cormier Jr.,2026-02-18
Jerrold.Beier85@yahoo.com,Brenda Kilback,2025-10-15
Dakota_Rau@yahoo.com,Denise Beer,2025-06-30
Green91@gmail.com,May Langworth,2025-10-20
Colby_Boehm15@yahoo.com,Agnes Ziemann,2026-01-24
Dina67@hotmail.com,Jermaine Nolan,2025-08-07
Keenan.Russel@gmail.com,Rudy Green,2025-08-24
Judge50@yahoo.com,Teresa Hackett,2025-06-22
Arielle51@gmail.com,Edna Hilpert IV,2025-12-19
Annalise_Mayert45@gmail.com,Mrs. Robin Dooley,2026-01-19
Rebeka23@hotmail.com,Jimmy Wilkinson,2026-03-11
Benny_Lueilwitz4@yahoo.com,Priscilla Abshire,2025-11-24
Melyna6@gmail.com,Israel Ledner,2026-04-12
Elvie.Stark@hotmail.com,Lucille Russel,2025-08-20
Alta_Friesen@gmail.com,Merle Christiansen,2026-01-24
Sydnee.Heller51@gmail.com,Lindsay Auer,2025-10-25
America67@hotmail.com,Wilbur Nienow,2025-12-16
Thelma17@hotmail.com,Bernice Fadel III,2026-03-07
Alexanne.Borer@yahoo.com,Jana Bogan,2026-01-29
Maye_Stark@hotmail.com,Mr. Janet Dicki,2026-03-28
Vanessa.Botsford@yahoo.com,Mildred Conroy,2025-09-19
Terrence.Hermann90@yahoo.com,Randolph Strosin PhD,2025-08-03
Thaddeus_Bahringer@yahoo.com,Vicky Runolfsdottir,2026-06-15
Shanie10@yahoo.com,Mrs. Gordon Barton,2026-03-29
Cecelia_Stokes97@hotmail.com,Ms. Julia White,2025-09-02
Margarete.Beer@gmail.com,Sylvester Boehm,2026-03-22
Lulu.Herman59@gmail.com,Raul Gislason PhD,2026-04-18
Marlen55@gmail.com,Janie Moen,2025-09-12
Austin.Schuppe22@gmail.com,Elsie Brekke,2025-10-27
Era12@gmail.com,Shaun Klocko,2026-04-08
Rosalyn_Wilderman@yahoo.com,Lynn Gaylord V,2026-04-10
Sister86@gmail.com,Israel Erdman,2026-02-02
Albin61@hotmail.com,Pam Johnston,2026-06-14
Veda.Donnelly46@hotmail.com,Robert Fay,2026-06-15
Rudolph.Murazik@gmail.com,Tina Dietrich,2026-05-01
Cristian57@hotmail.com,Leigh DuBuque,2026-05-24
Betty22@hotmail.com,Alma Harris,2025-10-08
Alene31@hotmail.com,Marsha Doyle,2025-11-24
Nellie_Kuhic18@gmail.com,Owen Robel,2025-11-20
Elvis.Heathcote@hotmail.com,Mona Waters,2026-03-28
Tina_Wilderman@yahoo.com,Bernard Osinski,2026-03-02
Philip.Ratke@gmail.com,Marlene Pagac,2026-02-26
Berneice35@yahoo.com,Christy McKenzie,2026-03-02
Lottie15@gmail.com,Benjamin Roberts,2025-08-22
Aditya53@hotmail.com,Miss Bernadette Schmeler,2026-05-07
Yessenia1@hotmail.com,Dorothy Bergnaum,2026-02-01
Manley38@yahoo.com,Noel Bergstrom,2025-10-03
Lee22@yahoo.com,Gerald Murphy,2025-10-21
Lucie.OKeefe@hotmail.com,Shelia Gleichner,2025-11-19
Ashly.Jacobs@gmail.com,Carlton Wyman,2026-02-10
Lura_Bogisich@yahoo.com,Tabitha Kautzer DVM,2026-04-29
Yvonne_Smith45@gmail.com,Rosalie Goldner I,2025-08-07
Aiden79@gmail.com,Beatrice O'Hara,2025-09-23
Randall29@gmail.com,Faith Rutherford,2025-08-08
Lenora52@yahoo.com,Jonathon Prohaska,2025-11-07
Gladyce31@hotmail.com,Orville Witting,2025-12-30
Sidney.Ondricka16@yahoo.com,Amber Armstrong,2026-06-15
Jaida.Stark@gmail.com,Claude Funk,2026-02-04
Destany42@gmail.com,Randolph Reinger,2025-11-08
Matt11@yahoo.com,Mr. Verna Mraz,2026-06-03
Warren.Schamberger17@yahoo.com,Priscilla DuBuque,2025-08-20
Maye.Schulist@hotmail.com,Deborah Funk,2026-05-16
Chadrick_Herman@gmail.com,Kent Jenkins Sr.,2025-12-17
Wilfred37@gmail.com,Dr. Abel Torphy,2025-12-02
Ernie_Rice@gmail.com,Clayton Lebsack,2026-02-06
Viola_Mann52@gmail.com,Brad Berge,2026-05-23
Lamar.Abbott38@yahoo.com,Johnathan Jacobs,2026-06-04
Freda.Barrows@yahoo.com,Teresa Koepp,2026-05-11
Sabina.Aufderhar@gmail.com,Dave Corwin,2026-03-21
Eulalia.Bins15@hotmail.com,Mr. Derrick Koepp,2025-12-02
Franco_Cronin@gmail.com,Jorge Torp,2026-06-03
Melba_Shanahan@hotmail.com,Alice Kub,2025-09-28
Concepcion62@gmail.com,Randal Hilpert,2025-10-18
Sasha_Spencer13@gmail.com,Margie Dickens,2026-02-25
Florida80@yahoo.com,Shirley Moen,2025-08-02
Melisa44@yahoo.com,Charlene Stamm MD,2025-06-30
Christop_Haag48@hotmail.com,Courtney Kovacek,2026-06-15
Broderick63@gmail.com,Jan Gaylord,2025-12-19
Eusebio.Sauer@yahoo.com,Fernando Bogan I,2025-11-02
Buster_Mohr95@yahoo.com,Earnest Carroll,2025-07-16
Ettie71@yahoo.com,Candice Lehner,2025-10-21
Berry_Nader@gmail.com,Mrs. Carlton Hegmann,2025-07-06
Jonathon.Shanahan@hotmail.com,Malcolm Bahringer,2025-09-27
Zoie.Batz@hotmail.com,Tara Breitenberg,2026-02-11
Bradley.Olson@gmail.com,Henrietta Schmeler,2025-12-10
Abigayle_Cassin@yahoo.com,Dr. Benny Wolff,2026-02-04
Zula.Treutel@gmail.com,Martin Breitenberg,2025-11-08
Bartholome_Quitzon@yahoo.com,Ignacio Kerluke,2025-08-26
Theo.Johnson@gmail.com,Noel Satterfield,2025-09-30
Marilie_Lockman@yahoo.com,Andy Feeney,2026-04-20
Kraig_Hermann29@hotmail.com,Thomas Connelly,2026-01-16
Lewis89@hotmail.com,Benny Stehr,2026-06-01
Clemmie.Dickinson@gmail.com,Donnie Doyle,2026-03-13
Lempi_Bruen@gmail.com,Lynn Hammes,2026-03-28
Ocie_Bailey18@hotmail.com,Ervin Dibbert,2026-05-26
Rachelle1@gmail.com,Betty Altenwerth,2025-07-30
Tierra_Gleason@yahoo.com,Oliver Lebsack,2025-09-15
Guy.Schultz@yahoo.com,Lorenzo Simonis,2025-07-05
Kamille28@hotmail.com,Maryann Price,2026-05-01
Yesenia51@gmail.com,Jasmine Windler,2025-07-17
Etha32@hotmail.com,Helen Greenholt,2026-04-27
Margarete10@hotmail.com,Bennie Bayer,2025-12-20
Ross_Swaniawski38@hotmail.com,Pedro Halvorson,2025-11-06
Nova9@gmail.com,Dr. Audrey O'Reilly,2025-12-29
Noemy.Grady38@hotmail.com,Susan Bauch,2025-07-21
Brook27@hotmail.com,Jennifer Altenwerth,2026-01-20
Magdalena19@hotmail.com,Ms. Mable Wolf,2026-05-27
Sydni86@yahoo.com,Charlie Harber,2025-10-24
Lexi.Kautzer13@gmail.com,Faye Herzog,2025-12-22
Josh.Jacobi@yahoo.com,Morris Parisian,2026-04-25
Jon_Spinka@gmail.com,Stuart Green,2026-02-21
Eric40@hotmail.com,Bertha Bins,2026-06-01
Ellen58@hotmail.com,Dewey Emmerich,2025-07-01
Leland.OReilly@hotmail.com,Trevor Kub,2026-06-19
Lewis_Gleason@gmail.com,Guy Pfeffer,2025-12-17
Andrew.Dickens46@yahoo.com,Willie Walter,2026-01-28
Julius.Thiel28@hotmail.com,Elsa Hickle MD,2026-03-07
Darrell_Bechtelar@yahoo.com,Laurence Kirlin Jr.,2026-05-05
Erna_Denesik6@gmail.com,Margarita Little,2026-04-24
Hilma62@yahoo.com,Marian Marquardt,2025-09-19
Blake.Schimmel@yahoo.com,Nadine Denesik,2025-10-30
Kelsi_Lindgren47@gmail.com,Ivan Lesch,2026-02-06
Jacey_Brekke@hotmail.com,Dianna Hickle,2026-05-11
Fern.Tromp34@hotmail.com,Peter Rodriguez,2025-10-28
Cory84@yahoo.com,Claire Williamson,2026-04-19
Berenice91@hotmail.com,Noel Gulgowski,2025-08-16
Bailey.Stamm12@gmail.com,Rhonda Botsford,2026-01-06
Josefa98@hotmail.com,Javier McGlynn,2025-08-28
Bonita_Kutch33@hotmail.com,Carlton Farrell,2025-10-21
Maeve32@yahoo.com,Ms. Ben Ruecker,2026-06-06
Virginia.Baumbach@yahoo.com,Arlene Lang PhD,2026-04-24
Harvey.Connelly@gmail.com,Marlon Frami,2026-05-30
Parker_Zemlak98@hotmail.com,Miriam Lang,2025-09-16
Alvah_Effertz69@yahoo.com,Ms. Mattie Hahn,2025-09-22
Favian_Yost93@yahoo.com,Deanna Luettgen,2025-10-15
Clifton_Haley51@hotmail.com,Debbie Yost III,2026-03-11
Cordell0@yahoo.com,Mr. Desiree Bruen,2026-03-26
Euna.McGlynn70@yahoo.com,Dr. Vera Schmidt,2025-07-24
Berenice_Cronin25@hotmail.com,Cindy Pollich,2025-12-07
Jefferey_Morar@gmail.com,Erick Towne,2026-05-02
Dexter29@gmail.com,Michelle Kovacek,2025-09-18
Maude14@hotmail.com,Bradley Gottlieb,2025-07-25
Porter39@yahoo.com,Leslie Crooks,2025-09-14
Lizzie_Larson@yahoo.com,Jodi Bartell,2025-10-21
Annetta_Prosacco83@hotmail.com,Lynn Schoen,2025-12-12
Melyssa_Nolan5@gmail.com,Tabitha Okuneva DVM,2025-10-05
Cale_Lynch41@yahoo.com,Sonia Balistreri,2026-02-12
